大庆,2,东岭房地产开发有限公司,157,1
大庆,2,东新村（计量）,164,1
大庆,2,东新村（计量）,164,10
大庆,2,东新村（计量）,164,2
大庆,2,东新村（计量）,164,3
大庆,2,东新村（计量）,164,4
大庆,2,东新村（计量）,164,5
大庆,2,东新村（计量）,164,6
大庆,2,东新村（计量）,164,7
大庆,2,东新村（计量）,164,8
大庆,2,东新村（计量）,164,9
大庆,2,中粮国际（计量）,133,1
大庆,2,中粮国际（计量）,133,2
大庆,2,代家湾小学,144,1
大庆,2,催化剂厂家属楼（计量）,151,1
大庆,2,公路建设局,154,1
大庆,2,兴业集团交通佳苑（计量）,142,1
大庆,2,十里铺社区卫生服务中心（计量）,165,1
大庆,2,南新村开发办住宅楼(计量）,145,1
大庆,2,叉车五厂10#院（计量）,147,1
大庆,2,叉车五厂10#院（计量）,147,2
大庆,2,叉车五厂49#院（计量）,135,49
大庆,2,叉车五厂49#院（计量）,135,50
大庆,2,叉车五厂49#院（计量）,135,51
大庆,2,叉车五厂49#院（计量）,135,52
大庆,2,叉车五厂49#院（计量）,135,53
大庆,2,叉车五厂49#院（计量）,135,54
大庆,2,叉车五厂68#院（计量）,167,10
大庆,2,叉车五厂68#院（计量）,167,11
大庆,2,叉车五厂68#院（计量）,167,12
大庆,2,叉车五厂68#院（计量）,167,3
大庆,2,叉车五厂68#院（计量）,167,55
大庆,2,复新村（计量）,162,1
大庆,2,复新村（计量）,162,2
大庆,2,复新村（计量）,162,3
大庆,2,复新村（计量）,162,4
大庆,2,大庆路37号院（计量）,141,2
大庆,2,大庆路37号院（计量）,141,3
大庆,2,大庆路37号院（计量）,141,4
大庆,2,大庆路37号院（计量）,141,5
大庆,2,宏文路123#院（计量）,159,1
大庆,2,宏文路123#院（计量）,159,2
大庆,2,宏文路43号院（计量）,163,1
大庆,2,宏文路43号院（计量）,163,2
大庆,2,宏文路43号院（计量）,163,3
大庆,2,宏文路43号院（计量）,163,4
大庆,2,宏文路43号院（计量）,163,45
大庆,2,宏文路43号院（计量）,163,461
大庆,2,宏文路43号院（计量）,163,462
大庆,2,宏文路43号院（计量）,163,463
大庆,2,宏文路43号院（计量）,163,5
大庆,2,宏文路43号院（计量）,163,6
大庆,2,宏文路58号院（计量）,166,1
大庆,2,宏文路58号院（计量）,166,2
大庆,2,工农新村,155,1
大庆,2,恒源小区(计量）,153,1
大庆,2,恒源小区(计量）,153,10
大庆,2,恒源小区(计量）,153,2
大庆,2,恒源小区(计量）,153,4
大庆,2,恒源小区(计量）,153,5
大庆,2,恒源小区(计量）,153,6
大庆,2,恒源小区(计量）,153,7
大庆,2,恒源小区(计量）,153,8
大庆,2,恒源小区(计量）,153,9
大庆,2,新市巷1#楼（计量）,161,1
大庆,2,新秦纸厂,136,3
大庆,2,新秦纸厂,136,5
大庆,2,新秦纸厂,136,6
大庆,2,油毡厂,146,2
大庆,2,油毡厂,146,3
大庆,2,油毡厂,146,4
大庆,2,油毡厂,146,5
大庆,2,油毡厂,146,6
大庆,2,瑞丰上城(计量）,143,2
大庆,2,电机段103#楼（计量）,140,13
大庆,2,电机段104#楼（计量）,139,14
大庆,2,秦岭泊屋（计量）,150,1
大庆,2,秦岭泊屋（计量）,150,2
大庆,2,秦岭泊屋（计量）,150,3
大庆,2,秦岭泊屋（计量）,150,4
大庆,2,秦岭泊屋门面（计量）,149,1
大庆,2,纺西村(计量）,158,1
大庆,2,纺西村(计量）,158,2
大庆,2,纺西村(计量）,158,3
大庆,2,纺西村(计量）,158,4
大庆,2,纺西村(计量）,158,5
大庆,2,纺西村(计量）,158,6
大庆,2,纺西村(计量）,158,7
大庆,2,经纬花园（计量）,148,1
大庆,2,经纬花园（计量）,148,10
大庆,2,经纬花园（计量）,148,11
大庆,2,经纬花园（计量）,148,2
大庆,2,经纬花园（计量）,148,3
大庆,2,经纬花园（计量）,148,4
大庆,2,经纬花园（计量）,148,5
大庆,2,经纬花园（计量）,148,6
大庆,2,经纬花园（计量）,148,7
大庆,2,经纬花园（计量）,148,8
大庆,2,经纬花园（计量）,148,9
大庆,2,苗圃新村,137,11
大庆,2,苗圃新村,137,12
大庆,2,苗圃新村,137,13
大庆,2,苗圃新村,137,14
大庆,2,苗圃新村,137,15
大庆,2,苗圃新村,137,16
大庆,2,苗圃新村,137,17
大庆,2,苗圃新村,137,18
大庆,2,苗圃新村,137,19
大庆,2,苗圃新村,137,20
大庆,2,苗圃新村,137,21
大庆,2,苗圃新村,137,22
大庆,2,西建康城（计量）,134,1
大庆,2,西建康城（计量）,134,10
大庆,2,西建康城（计量）,134,11
大庆,2,西建康城（计量）,134,12
大庆,2,西建康城（计量）,134,13
大庆,2,西建康城（计量）,134,14
大庆,2,西建康城（计量）,134,15
大庆,2,西建康城（计量）,134,16
大庆,2,西建康城（计量）,134,17
大庆,2,西建康城（计量）,134,18
大庆,2,西建康城（计量）,134,19
大庆,2,西建康城（计量）,134,22
大庆,2,西建康城（计量）,134,3
大庆,2,西建康城（计量）,134,6
大庆,2,西建康城（计量）,134,7
大庆,2,西建康城（计量）,134,9
大庆,2,西建康城（计量）,134,K7
大庆,2,西建领袖（计量）,138,1
大庆,2,西建领袖（计量）,138,2
大庆,2,西新村（计量）,160,1
大庆,2,西新村（计量）,160,137
大庆,2,西新村（计量）,160,159
大庆,2,西新村（计量）,160,167
大庆,2,西新村（计量）,160,177
大庆,2,西新村（计量）,160,41
大庆,2,西新村（计量）,160,86
大庆,2,金台信用联社(计量）,152,3
大庆,2,金台信用联社(计量）,152,8
姜谭,1,华夏盛世佳园,118,1
姜谭,1,华夏盛世佳园,118,2
姜谭,1,华夏盛世佳园,118,3
姜谭,1,华夏盛世佳园,118,4
姜谭,1,华夏盛世佳园,118,5
姜谭,1,华夏盛世佳园,118,6
姜谭,1,华夏盛世佳园,118,7
姜谭,1,华夏盛世佳园,118,8
姜谭,1,华夏盛世佳园,118,9
姜谭,1,城南人家,120,11
姜谭,1,城南人家,120,12
姜谭,1,城南人家,120,13
姜谭,1,太白路5#院,103,1
姜谭,1,姜园小区,117,10
姜谭,1,姜园小区,117,4
姜谭,1,姜园小区,117,5
姜谭,1,姜园小区,117,6
姜谭,1,姜园小区,117,7
姜谭,1,姜园小区,117,8
姜谭,1,姜园小区,117,9
姜谭,1,姜谭路31#院,110,31
姜谭,1,姜谭路32#院,109,32
姜谭,1,孔家庄小区,113,1
姜谭,1,孔家庄小区,113,2
姜谭,1,孔家庄小区,113,3
姜谭,1,宝鸡制药机械厂,101,1
姜谭,1,宝鸡制药机械厂,101,11
姜谭,1,宝鸡制药机械厂,101,12
姜谭,1,宝鸡制药机械厂,101,13
姜谭,1,宝鸡制药机械厂,101,14
姜谭,1,宝鸡制药机械厂,101,15
姜谭,1,宝鸡制药机械厂,101,16
姜谭,1,宝鸡制药机械厂,101,5
姜谭,1,宝鸡制药机械厂,101,6
姜谭,1,宝鸡制药机械厂,101,7
姜谭,1,宝鸡制药机械厂,101,8
姜谭,1,宝鸡制药机械厂,101,9
姜谭,1,宝鸡市广安置业咨询有限公司,115,1
姜谭,1,建工大厦,105,B
姜谭,1,征稽处,100,1
姜谭,1,征稽处,100,2
姜谭,1,景宏名园,116,3
姜谭,1,景宏名园,116,4
姜谭,1,植物园,114,1
姜谭,1,植物园,114,11
姜谭,1,植物园,114,12
姜谭,1,植物园,114,13
姜谭,1,植物园,114,14
姜谭,1,植物园,114,15
姜谭,1,植物园,114,16
姜谭,1,植物园,114,17
姜谭,1,植物园,114,18
姜谭,1,植物园,114,19
姜谭,1,植物园,114,2
姜谭,1,植物园,114,21
姜谭,1,植物园,114,22
姜谭,1,植物园,114,23
姜谭,1,植物园,114,24
姜谭,1,植物园,114,25
姜谭,1,植物园,114,26
姜谭,1,植物园,114,27
姜谭,1,植物园,114,28
姜谭,1,植物园,114,29
姜谭,1,植物园,114,3
姜谭,1,植物园,114,31
姜谭,1,植物园,114,4
姜谭,1,植物园,114,5
姜谭,1,植物园,114,6
姜谭,1,植物园,114,7
姜谭,1,植物园,114,8
姜谭,1,植物园,114,9
姜谭,1,水岸丽园,104,1
姜谭,1,水岸丽园,104,11
姜谭,1,水岸丽园,104,2
姜谭,1,水岸丽园,104,3
姜谭,1,水岸丽园,104,4
姜谭,1,水岸丽园,104,5
姜谭,1,水岸丽园,104,6
姜谭,1,水岸丽园,104,7
姜谭,1,水岸丽园,104,8
姜谭,1,水岸丽园,104,9
姜谭,1,清姜西一路60#院,108,1
姜谭,1,清姜西一路60#院,108,2
姜谭,1,清姜西一路60#院,108,3
姜谭,1,瑞泉佳园,119,1
姜谭,1,瑞泉佳园,119,2
姜谭,1,瑞泉佳园,119,3
姜谭,1,百合都市住宅楼,121,1
姜谭,1,盛和假日,106,1
姜谭,1,盛和假日,106,11
姜谭,1,盛和假日,106,12
姜谭,1,盛和假日,106,13
姜谭,1,盛和假日,106,14
姜谭,1,盛和假日,106,7
姜谭,1,绿源小区,111,1
姜谭,1,绿源小区,111,2
姜谭,1,绿源小区面房,112,1
姜谭,1,绿源小区面房,112,2
姜谭,1,融新苑,107,1
姜谭,1,融新苑,107,2
姜谭,1,陕二建,102,1
姜谭,1,陕二建,102,11
姜谭,1,陕二建,102,21
姜谭,1,陕二建,102,22
姜谭,1,陕二建,102,24
姜谭,1,陕二建,102,3
姜谭,1,陕二建,102,4
姜谭,1,陕二建,102,5
姜谭,1,陕二建,102,7
姜谭,1,陕二建,102,8
姜谭,1,陕二建,102,9
宝十,4,万祥尚锦,254,1
宝十,4,万祥尚锦会所,332,1
宝十,4,三迪公司,264,10
宝十,4,三迪公司,264,11
宝十,4,三迪公司,264,12
宝十,4,三迪公司,264,13
宝十,4,三迪公司,264,14
宝十,4,三迪公司,264,15
宝十,4,三迪公司,264,156
宝十,4,三迪公司,264,157
宝十,4,三迪公司,264,158
宝十,4,三迪公司,264,159
宝十,4,三迪公司,264,16
宝十,4,三迪公司,264,164
宝十,4,三迪公司,264,165
宝十,4,三迪公司,264,166
宝十,4,三迪公司,264,167
宝十,4,三迪公司,264,17
宝十,4,三迪公司,264,171
宝十,4,三迪公司,264,172
宝十,4,三迪公司,264,173
宝十,4,三迪公司,264,19
宝十,4,三迪公司,264,20
宝十,4,三迪公司,264,28
宝十,4,三迪公司,264,29
宝十,4,三迪公司,264,31
宝十,4,三迪公司,264,4
宝十,4,三迪公司,264,5
宝十,4,三迪公司,264,7
宝十,4,三迪公司,264,8
宝十,4,三迪公司,264,9
宝十,4,三迪公司A,265,1
宝十,4,三迪公司A,265,3
宝十,4,三迪公司A,265,4
宝十,4,三迪公司A,265,5
宝十,4,三迪公司A,265,6
宝十,4,三迪塞纳丽,266,151
宝十,4,三迪塞纳丽,266,64
宝十,4,三迪塞纳丽,266,65
宝十,4,三迪塞纳丽,266,66
宝十,4,三迪塞纳丽,266,67
宝十,4,三迪塞纳丽,266,68
宝十,4,三迪塞纳丽,266,70
宝十,4,三迪塞纳丽,266,71
宝十,4,三迪塞纳丽,266,72
宝十,4,三迪塞纳丽,266,73
宝十,4,三迪塞纳丽,266,75
宝十,4,三迪塞纳丽,266,76
宝十,4,三迪塞纳丽,266,78
宝十,4,三迪塞纳丽,266,79
宝十,4,三迪小学,263,1
宝十,4,三迪示范区,267,44
宝十,4,三迪示范区,267,45
宝十,4,三迪示范区,267,46
宝十,4,三迪示范区,267,47
宝十,4,三迪示范区,267,48
宝十,4,三迪示范区,267,50
宝十,4,三迪示范区,267,51
宝十,4,三迪示范区,267,52
宝十,4,三迪示范区,267,53
宝十,4,三迪示范区,267,76
宝十,4,三迪金岸,268,21
宝十,4,三迪金岸,268,22
宝十,4,三迪金岸,268,23
宝十,4,东仁堡小学,316,1
宝十,4,东仁新城,315,10
宝十,4,东仁新城,315,11
宝十,4,东仁新城,315,33
宝十,4,东仁新城,315,34
宝十,4,东仁新城,315,35
宝十,4,东仁新城,315,36
宝十,4,东仁新城,315,7
宝十,4,东仁新城,315,8
宝十,4,东仁新城,315,9
宝十,4,东南城巷,317,169
宝十,4,东南城巷,317,20
宝十,4,东南城巷,317,44
宝十,4,东南城巷,317,45
宝十,4,东南城巷169#楼,298,169
宝十,4,东南城巷19#楼,319,19
宝十,4,中山东路163#楼,258,1
宝十,4,中山东路67#院,330,2
宝十,4,中山东路67#院,330,3
宝十,4,中山大厦小平层,227,1
宝十,4,中山西路,205,141
宝十,4,中山西路,205,41
宝十,4,中山西路,205,42
宝十,4,中山西路,205,47
宝十,4,中山西路,205,48
宝十,4,中山西路,205,49
宝十,4,中山西路,205,52
宝十,4,中山西路,205,9
宝十,4,中山西路0#院,226,1
宝十,4,中山西路1#院,225,1
宝十,4,中山西路10#院,216,1
宝十,4,中山西路11#院,215,1
宝十,4,中山西路12#院,214,1
宝十,4,中山西路13#院,213,1
宝十,4,中山西路14#院,212,1
宝十,4,中山西路145#楼（4、5、0单元分户计量）,249,145
宝十,4,中山西路145#楼（4、5、10单元分户计量）,239,145
宝十,4,中山西路145#楼（4、5、11单元分户计量）,238,145
宝十,4,中山西路145#楼（4、5、12单元分户计量）,237,145
宝十,4,中山西路145#楼（4、5、13单元分户计量）,236,145
宝十,4,中山西路145#楼（4、5、14单元分户计量）,235,145
宝十,4,中山西路145#楼（4、5、15单元分户计量）,234,145
宝十,4,中山西路145#楼（4、5、16单元分户计量）,233,145
宝十,4,中山西路145#楼（4、5、17单元分户计量）,232,145
宝十,4,中山西路145#楼（4、5、18单元分户计量）,231,145
宝十,4,中山西路145#楼（4、5、19单元分户计量）,230,145
宝十,4,中山西路145#楼（4、5、1单元分户计量）,248,145
宝十,4,中山西路145#楼（4、5、20单元分户计量）,229,145
宝十,4,中山西路145#楼（4、5、21单元分户计量）,228,145
宝十,4,中山西路145#楼（4、5、2单元分户计量）,247,145
宝十,4,中山西路145#楼（4、5、3单元分户计量）,246,145
宝十,4,中山西路145#楼（4、5、4单元分户计量）,245,145
宝十,4,中山西路145#楼（4、5、5单元分户计量）,244,145
宝十,4,中山西路145#楼（4、5、6单元分户计量）,243,145
宝十,4,中山西路145#楼（4、5、7单元分户计量）,242,145
宝十,4,中山西路145#楼（4、5、8单元分户计量）,241,145
宝十,4,中山西路145#楼（4、5、9单元分户计量）,240,145
宝十,4,中山西路145#院,206,1
宝十,4,中山西路15#院,211,1
宝十,4,中山西路16#院,210,1
宝十,4,中山西路17#院,209,1
宝十,4,中山西路18#院,208,1
宝十,4,中山西路19#院,207,1
宝十,4,中山西路2#院,224,1
宝十,4,中山西路3#院,223,1
宝十,4,中山西路4#院,222,1
宝十,4,中山西路5#院,221,1
宝十,4,中山西路6#院,220,1
宝十,4,中山西路7#院,219,1
宝十,4,中山西路8#院,218,1
宝十,4,中山西路9#院,217,1
宝十,4,中山西路南门口社区,297,1
宝十,4,二运司家属楼,313,1
宝十,4,五金公司,255,1
宝十,4,五金公司,255,2
宝十,4,代家湾小区,318,15
宝十,4,代家湾小区,318,17
宝十,4,信用联社社,310,1
宝十,4,农资公司,250,1
宝十,4,农资公司,250,2
宝十,4,圣和家园,261,1
宝十,4,圣和家园,261,2
宝十,4,宝十路12号院,325,1
宝十,4,宝十路12号院,325,2
宝十,4,宝十路12号院,325,3
宝十,4,宝十路12号院,325,4
宝十,4,宝十路42#院,331,1
宝十,4,宝十路42#院,331,2
宝十,4,宝十路42#院,331,3
宝十,4,宝十路42#院,331,4
宝十,4,宝十路42#院,331,5
宝十,4,宝十路42#院,331,6
宝十,4,宝十路42#院,331,7
宝十,4,宝十路42#院,331,8
宝十,4,宝十路45#院,291,1
宝十,4,宝工局,328,1
宝十,4,宝工局,328,2
宝十,4,宝运公司,324,16
宝十,4,宝运花园北区,322,1
宝十,4,宝运花园北区,322,3
宝十,4,宝运花园北区,322,4
宝十,4,宝运花园南区,323,1
宝十,4,宝运花园南区,323,2
宝十,4,宝鸡市万豪酒店,333,1
宝十,4,宝鸡市店子街中学,314,1
宝十,4,宝鸡市金台医院,326,1
宝十,4,平安小区,296,1
宝十,4,平安小区,296,2
宝十,4,平安小区,296,3
宝十,4,建华小区,312,1
宝十,4,建华小区,312,3
宝十,4,建华小区,312,4
宝十,4,建华小区,312,5
宝十,4,建华小区,312,6
宝十,4,新华园,251,1
宝十,4,新华园,251,2
宝十,4,新华园门面房,252,2
宝十,4,新华村,253,2
宝十,4,新华村,253,3
宝十,4,曙光路74#75#楼,262,74
宝十,4,曙光路74#75#楼,262,75
宝十,4,朗润新城,303,1
宝十,4,林业种子,302,1
宝十,4,林业种子,302,2
宝十,4,柳沟路,273,224
宝十,4,柳沟路,273,225
宝十,4,柳沟路,273,44
宝十,4,柳沟路独立单元,260,1
宝十,4,桃园小区,257,1
宝十,4,桃园小区,257,2
宝十,4,民族幼儿园,299,1
宝十,4,民族花园,300,1
宝十,4,民族花园,300,3
宝十,4,瓦厂街129#楼,256,129
宝十,4,畜牧兽医中心,259,1
宝十,4,畜牧兽医中心,259,2
宝十,4,百货公司,327,1
宝十,4,百货公司,327,2
宝十,4,百货公司,327,3
宝十,4,百货公司,327,4
宝十,4,群众路129#楼,290,129
宝十,4,群众路130#楼,289,130
宝十,4,群众路167号院,281,1
宝十,4,群众路168号院,282,1
宝十,4,群众路169号院,283,1
宝十,4,群众路170号院,284,1
宝十,4,群众路171号院,285,1
宝十,4,群众路172号院,286,1
宝十,4,群众路173号院,287,1
宝十,4,群众路174号院,288,1
宝十,4,群众路175号院,279,1
宝十,4,群众路175号院,279,2
宝十,4,群众路175号院,279,3
宝十,4,群众路175号院门面,280,1
宝十,4,群众路178#楼,277,178
宝十,4,群众路178号楼门面,278,178
宝十,4,群众路179号院,274,1
宝十,4,群众路179号院,274,2
宝十,4,群众路179号院门面,275,1
宝十,4,群众路292#楼,301,292
宝十,4,群众路293#楼,272,293
宝十,4,群众路50号院,271,1
宝十,4,群众路50号院,271,2
宝十,4,群众路50号院,271,3
宝十,4,群众路门面,276,1
宝十,4,群建巷1#楼,294,1
宝十,4,群建巷2#楼,293,2
宝十,4,群建巷39#楼,292,39
宝十,4,肉联厂,270,1
宝十,4,肉联厂,270,2
宝十,4,肉联厂,270,3
宝十,4,肉联厂,270,4
宝十,4,肉联厂,270,5
宝十,4,金台区国税局,309,1
宝十,4,金台区城建局,269,84
宝十,4,金台区教师住宅小区,305,1
宝十,4,金台区教师住宅小区,305,2
宝十,4,金台区教师住宅小区,305,3
宝十,4,金台区教师住宅小区,305,4
宝十,4,金台区教师住宅小区,305,5
宝十,4,金台区教师住宅小区,305,6
宝十,4,金台区教师住宅小区,305,7
宝十,4,金台区陈仓镇卫生院,321,1
宝十,4,金台龙泉小学,306,1
宝十,4,金星村四组住宅楼,307,1
宝十,4,金星村四组住宅楼,307,2
宝十,4,金星村门面,308,2
宝十,4,金陵湾,311,1
宝十,4,金陵湾,311,10
宝十,4,金陵湾,311,11
宝十,4,金陵湾,311,12
宝十,4,金陵湾,311,13
宝十,4,金陵湾,311,14
宝十,4,金陵湾,311,15
宝十,4,金陵湾,311,16
宝十,4,金陵湾,311,2
宝十,4,金陵湾,311,3
宝十,4,金陵湾,311,4
宝十,4,金陵湾,311,5
宝十,4,金陵湾,311,6
宝十,4,金陵湾,311,7
宝十,4,金陵湾,311,8
宝十,4,金陵湾,311,9
宝十,4,锦绣新城,329,1
宝十,4,锦绣新城,329,10
宝十,4,锦绣新城,329,11
宝十,4,锦绣新城,329,12
宝十,4,锦绣新城,329,13
宝十,4,锦绣新城,329,14
宝十,4,锦绣新城,329,15
宝十,4,锦绣新城,329,16
宝十,4,锦绣新城,329,17
宝十,4,锦绣新城,329,18
宝十,4,锦绣新城,329,19
宝十,4,锦绣新城,329,2
宝十,4,锦绣新城,329,20
宝十,4,锦绣新城,329,22
宝十,4,锦绣新城,329,232
宝十,4,锦绣新城,329,24
宝十,4,锦绣新城,329,25
宝十,4,锦绣新城,329,26
宝十,4,锦绣新城,329,27
宝十,4,锦绣新城,329,28
宝十,4,锦绣新城,329,29
宝十,4,锦绣新城,329,3
宝十,4,锦绣新城,329,30
宝十,4,锦绣新城,329,31
宝十,4,锦绣新城,329,32
宝十,4,锦绣新城,329,7
宝十,4,锦绣新城,329,8
宝十,4,锦绣新城,329,9
宝十,4,长寿信用社家属楼,320,1
宝十,4,鹏博,295,7
宝十,4,鹏博,295,8
宝十,4,鹏博,295,9
宝十,4,龙泉中学,304,1
宝十,4,龙泉中学,304,2
桥南,3,人民商场家属楼(热计量）,192,1
桥南,3,人民商场家属楼(热计量）,192,2
桥南,3,人民商场家属楼(热计量）,192,3
桥南,3,人民商场家属楼(热计量）,192,4
桥南,3,公园路74号院,198,2
桥南,3,华宝快美热计量,197,1
桥南,3,华宝快美热计量,197,2
桥南,3,宝鸡好猫实业（集团）有限公司,196,1
桥南,3,宝鸡市城建投资开发公司（热计量）,199,1
桥南,3,欣晨佳园,189,1
桥南,3,欣晨佳园,189,2
桥南,3,欣晨佳园,189,3
桥南,3,渭滨质监站家属楼,190,1
桥南,3,爱琴海幼儿园热计量,195,1
桥南,3,石鼓园小区（计量）,191,7
桥南,3,石鼓园小区（计量）,191,8
桥南,3,碧水湾,202,1
桥南,3,碧水湾,202,10
桥南,3,碧水湾,202,11
桥南,3,碧水湾,202,12
桥南,3,碧水湾,202,14
桥南,3,碧水湾,202,2
桥南,3,碧水湾,202,3
桥南,3,碧水湾,202,4
桥南,3,碧水湾,202,6
桥南,3,碧水湾,202,7
桥南,3,碧水湾,202,8
桥南,3,碧水湾,202,9
桥南,3,碧水湾（市水利局）,203,5
桥南,3,碧水湾（新华书店）,204,13
桥南,3,碧水湾（新华书店）,204,15
桥南,3,碧源盛锦,201,2
桥南,3,碧源盛锦综合楼,200,1
桥南,3,秀水居,188,1
桥南,3,秀水居,188,2
桥南,3,秀水居,188,3
桥南,3,联通,194,2
桥南,3,联通,194,3
桥南,3,联通,194,B1
桥南,3,龙廷山水1#,193,6
桥南,3,龙廷山水1#,193,9
渭工,5,1#大院（计量）,407,2
渭工,5,21亩地,438,1
渭工,5,21亩地,438,10
渭工,5,21亩地,438,2
渭工,5,21亩地,438,3
渭工,5,21亩地,438,4
渭工,5,21亩地,438,5
渭工,5,21亩地,438,6
渭工,5,21亩地,438,8
渭工,5,21亩地,438,9
渭工,5,49#院（计量）,395,1
渭工,5,49#院（计量）,395,2
渭工,5,49#院（计量）,395,3
渭工,5,49#院（计量）,395,4
渭工,5,49#院（计量）,395,5
渭工,5,49#院（计量）,395,6
渭工,5,49#院（计量）,395,7
渭工,5,五一纸厂（计量）,404,1
渭工,5,五一纸厂（计量）,404,2
渭工,5,五一纸厂（计量）,404,3
渭工,5,五一纸厂（计量）,404,4
渭工,5,五一纸厂（计量）,404,5
渭工,5,五一纸厂（计量）,404,6
渭工,5,五一纸厂（计量）,404,7
渭工,5,五一纸厂（计量）,404,9
渭工,5,公园天下住宅楼（分户控制）,429,1
渭工,5,宝隆御邸,433,1
渭工,5,宝隆御邸,433,2
渭工,5,宝隆御邸,433,3
渭工,5,宝隆御邸,433,4
渭工,5,宝隆御邸营业,439,1
渭工,5,宝隆御邸门面房,434,3
渭工,5,宝鸡市五金交电化工（计量）,394,2
渭工,5,宝鸡市五金交电化工总公司（分户计量）,405,14
渭工,5,宝鸡市金桥物业有限责任公司,418,98
渭工,5,市二建（分户控制）,409,11
渭工,5,市二建高层商住楼,410,1
渭工,5,幸福园二期,399,1
渭工,5,幸福园二期,399,10
渭工,5,幸福园二期,399,11
渭工,5,幸福园二期,399,12
渭工,5,幸福园二期,399,13
渭工,5,幸福园二期,399,14
渭工,5,幸福园二期,399,15
渭工,5,幸福园二期,399,16
渭工,5,幸福园二期,399,17
渭工,5,幸福园二期,399,18
渭工,5,幸福园二期,399,19
渭工,5,幸福园二期,399,2
渭工,5,幸福园二期,399,20
渭工,5,幸福园二期,399,21
渭工,5,幸福园二期,399,3
渭工,5,幸福园二期,399,4
渭工,5,幸福园二期,399,5
渭工,5,幸福园二期,399,6
渭工,5,幸福园二期,399,7
渭工,5,幸福园二期,399,8
渭工,5,幸福园二期,399,9
渭工,5,廉租房,411,1
渭工,5,廉租房,411,2
渭工,5,廉租房,411,3
渭工,5,廉租房,411,4
渭工,5,彩虹国际商住楼,431,A
渭工,5,彩虹国际商住楼,431,B
渭工,5,新宝路32#楼（分户计量）,403,32
渭工,5,新宝路33#楼（分户计量）,402,33
渭工,5,新福园,396,1
渭工,5,新福园,396,2
渭工,5,新福园,396,3
渭工,5,新福园,396,4
渭工,5,新福园,396,5
渭工,5,新福园,396,6
渭工,5,新福园,396,7
渭工,5,新福园,396,8
渭工,5,新福园,396,9
渭工,5,新福园21亩地物业办,398,1
渭工,5,新福园一期插建楼,401,1
渭工,5,新福园一期插建楼,401,2
渭工,5,新福园一期插建楼,401,3
渭工,5,新福园二期插建楼,397,1
渭工,5,新福园二期插建楼,397,2
渭工,5,新福园二期插建楼,397,3
渭工,5,新福园二期插建楼,397,4
渭工,5,新福园二期插建楼,397,5
渭工,5,新福园二期插建楼,397,6
渭工,5,新福园营业,400,1
渭工,5,新福园营业,400,2
渭工,5,春天大道,430,9
渭工,5,永嘉公司（新建路中段）,390,1
渭工,5,测绘小区,432,1
渭工,5,测绘小区,432,2
渭工,5,海丰花园（计量）,386,1
渭工,5,海丰花园（计量）,386,2
渭工,5,海丰花园（计量）,386,3
渭工,5,海丰花园（计量）,386,4
渭工,5,海丰花园（计量）,386,5
渭工,5,海丰花园（计量）,386,6
渭工,5,海丰花园（计量）,386,7
渭工,5,渭工-宝鸡商场69#TL(12346单元分户计量),406,69
渭工,5,渭工路宝鸡蓝天商场住宅（分户计量）,412,1
渭工,5,省七建医院（计量）,442,1
渭工,5,祥瑞花园（计量）,393,10
渭工,5,祥瑞花园（计量）,393,6
渭工,5,祥瑞花园（计量）,393,7
渭工,5,祥瑞花园（计量）,393,8
渭工,5,祥瑞花园（计量）,393,9
渭工,5,红居园,420,4
渭工,5,蒸发器厂（计量）,389,1
渭工,5,蒸发器厂（计量）,389,2
渭工,5,蒸发器厂（计量）,389,3
渭工,5,蒸发器厂3#楼（计量）,436,3
渭工,5,话北小区,428,1
渭工,5,话北小区,428,2
渭工,5,话西小区,419,3
渭工,5,话西小区,419,5
渭工,5,话西小区,419,6
渭工,5,豪城A区,422,1
渭工,5,豪城A区,422,11
渭工,5,豪城A区,422,12
渭工,5,豪城A区,422,13
渭工,5,豪城A区,422,14
渭工,5,豪城A区,422,15
渭工,5,豪城A区,422,16
渭工,5,豪城A区,422,17
渭工,5,豪城A区,422,18
渭工,5,豪城A区,422,19
渭工,5,豪城A区,422,2
渭工,5,豪城A区,422,26
渭工,5,豪城A区,422,27
渭工,5,豪城A区,422,3
渭工,5,豪城A区,422,4
渭工,5,豪城A区,422,5
渭工,5,豪城A区,422,6
渭工,5,豪城A区,422,7
渭工,5,豪城A区,422,8
渭工,5,豪城A区,422,9
渭工,5,豪城B区,424,1
渭工,5,豪城B区,424,10
渭工,5,豪城B区,424,11
渭工,5,豪城B区,424,12
渭工,5,豪城B区,424,13
渭工,5,豪城B区,424,14
渭工,5,豪城B区,424,15
渭工,5,豪城B区,424,16
渭工,5,豪城B区,424,17
渭工,5,豪城B区,424,18
渭工,5,豪城B区,424,19
渭工,5,豪城B区,424,2
渭工,5,豪城B区,424,20
渭工,5,豪城B区,424,21
渭工,5,豪城B区,424,22
渭工,5,豪城B区,424,3
渭工,5,豪城B区,424,4
渭工,5,豪城B区,424,5
渭工,5,豪城B区,424,6
渭工,5,豪城B区,424,7
渭工,5,豪城B区,424,8
渭工,5,豪城B区,424,9
渭工,5,豪城B区楼营业房,388,1
渭工,5,豪城B区营业,425,1
渭工,5,豪城B区营业,425,2
渭工,5,豪城B区营业,425,3
渭工,5,豪城B区营业房,426,1
渭工,5,豪城D区,421,10
渭工,5,豪城D区,421,11
渭工,5,豪城D区,421,12
渭工,5,豪城D区,421,13
渭工,5,豪城D区,421,14
渭工,5,豪城D区,421,15
渭工,5,豪城D区,421,16
渭工,5,豪城D区,421,17
渭工,5,豪城D区,421,18
渭工,5,豪城D区,421,19
渭工,5,豪城D区,421,20
渭工,5,豪城D区,421,8
渭工,5,豪城D区,421,9
渭工,5,豪城D区,421,G1
渭工,5,豪城D区,421,G2
渭工,5,豪城F区,423,1
渭工,5,豪城F区,423,12
渭工,5,豪城F区,423,13
渭工,5,豪城F区,423,14
渭工,5,豪城F区,423,15
渭工,5,豪城F区,423,2
渭工,5,豪城F区,423,3
渭工,5,豪城F区,423,4
渭工,5,轩苑盛世,392,1
渭工,5,轩苑臻品,391,5
渭工,5,金水湾1#楼,417,1
渭工,5,金水湾2#楼,416,2
渭工,5,金水湾3#楼,415,3
渭工,5,金水湾4#楼,414,4
渭工,5,金水湾5#楼,413,5
渭工,5,阳光百翠园,437,1
渭工,5,阳光百翠园,437,11
渭工,5,阳光百翠园,437,12
渭工,5,阳光百翠园,437,17
渭工,5,阳光百翠园,437,18
渭工,5,阳光百翠园,437,19
渭工,5,阳光百翠园,437,20
渭工,5,阳光百翠园,437,21
渭工,5,阳光百翠园,437,22
渭工,5,阳光百翠园,437,23
渭工,5,阳光百翠园,437,24
渭工,5,阳光百翠园,437,25
渭工,5,阳光百翠园,437,26
渭工,5,阳光百翠园,437,27
渭工,5,阳光百翠园,437,28
渭工,5,阳光百翠园（计量）,435,6
渭工,5,陕二建（计量）,408,16
渭工,5,陕二建1#高层（计量）,440,1
渭工,5,陕二建高层门面房（计量）,387,1
金陵,6,万合国际,56,1
金陵,6,世福花园(计量),54,1
金陵,6,世福花园(计量),54,2
金陵,6,世福花园(计量),54,3
金陵,6,人民医院医附楼,53,1
金陵,6,人民巷1#楼,52,1
金陵,6,劝业市场119号楼,50,119
金陵,6,劝业市场37#院,47,1
金陵,6,天同国际,55,A
金陵,6,天同国际,55,B
金陵,6,奎星小区,46,1
金陵,6,奎星小区,46,2
金陵,6,奎星小区,46,3
金陵,6,奎星小区,46,4
金陵,6,奎星小区,46,5
金陵,6,奎星小区,46,6
金陵,6,奎星小区,46,7
金陵,6,奎星小区,46,8
金陵,6,奎星小区,46,9
金陵,6,宝中路17号院,99,2
金陵,6,宝中路17号院,99,3
金陵,6,宝中路17号院,99,4
金陵,6,宝中路17号院,99,5
金陵,6,宝中路17号院,99,6
金陵,6,宝中路17号院,99,7
金陵,6,宝福路5#院(计量),98,21
金陵,6,宝福路5#院(计量),98,4
金陵,6,宝福路5#院(计量),98,5
金陵,6,宝鸡市中医院（分户计量住宅）,97,1
金陵,6,宝鸡市渭滨区金陵街道办事处新建路东社区,41,1
金陵,6,新华南巷24号楼(计量),58,24
金陵,6,新华巷4#楼(计量),57,4
金陵,6,新宝路19#楼,64,19
金陵,6,新维巷（计量）,59,1
金陵,6,新维巷（计量）,59,18
金陵,6,新维巷（计量）,59,37
金陵,6,新维巷（计量）,59,6
金陵,6,新维巷（计量）,59,61
金陵,6,新维巷（计量）,59,62
金陵,6,新维巷（计量）,59,63
金陵,6,新维巷（计量）,59,69
金陵,6,新维巷（计量）,59,8
金陵,6,新维巷（计量）,59,87
金陵,6,果品公司家属楼(计量),48,1
金陵,6,立新巷,60,42
金陵,6,立新巷,60,44
金陵,6,立新巷,60,45
金陵,6,立新巷,60,46
金陵,6,立新巷,60,62
金陵,6,立新巷,60,63
金陵,6,立新巷,60,79
金陵,6,立新巷,60,PF1
金陵,6,立新巷,60,PF10
金陵,6,立新巷,60,PF2
金陵,6,立新巷,60,PF3
金陵,6,立新巷,60,PF4
金陵,6,立新巷,60,PF5
金陵,6,立新巷,60,PF6
金陵,6,立新巷,60,PF7
金陵,6,立新巷,60,PF8
金陵,6,立新巷,60,PF9
金陵,6,罗马花园(计量),51,1
金陵,6,西城雅园,61,1
金陵,6,金陵1区,63,16
金陵,6,金陵3区(计量),49,2
金陵,6,金陵3区(计量),49,3
金陵,6,长青路100号院,96,169
金陵,6,长青路69号院,65,168
金陵,6,长青路69号院,65,169
金陵,6,长青路69号院,65,17
金陵,6,长青路70号院,66,168
金陵,6,长青路71号院,67,168
金陵,6,长青路72号院,68,168
金陵,6,长青路73号院,69,168
金陵,6,长青路74号院,70,168
金陵,6,长青路75号院,71,168
金陵,6,长青路76号院,72,168
金陵,6,长青路77号院,73,168
金陵,6,长青路78号院,74,168
金陵,6,长青路79号院,75,168
金陵,6,长青路80号院,76,168
金陵,6,长青路81号院,77,168
金陵,6,长青路82号院,78,168
金陵,6,长青路83号院,79,168
金陵,6,长青路84号院,80,168
金陵,6,长青路85号院,81,168
金陵,6,长青路86号院,82,168
金陵,6,长青路87号院,83,168
金陵,6,长青路88号院,84,168
金陵,6,长青路89号院,85,168
金陵,6,长青路90号院,86,168
金陵,6,长青路91号院,87,168
金陵,6,长青路92号院,88,168
金陵,6,长青路93号院,89,169
金陵,6,长青路94号院,90,169
金陵,6,长青路95号院,91,169
金陵,6,长青路96号院,92,169
金陵,6,长青路97号院,93,169
金陵,6,长青路98号院,94,169
金陵,6,长青路99号院,95,169
金陵,6,香榭里(计量),62,1
金陵,6,香榭里(计量),62,2
马营,8,五洲小区,124,4
马营,8,五洲小区,124,5
马营,8,五洲现代城,125,A
马营,8,五洲现代城,125,B
马营,8,宝鸡卷烟厂,131,15
马营,8,宝鸡卷烟厂,131,16
马营,8,宝鸡卷烟厂,131,17
马营,8,宝鸡卷烟厂,131,18
马营,8,宝鸡卷烟厂,131,19
马营,8,宝鸡卷烟厂,131,2
马营,8,宝鸡卷烟厂,131,21
马营,8,宝鸡卷烟厂,131,22
马营,8,宝鸡卷烟厂,131,23
马营,8,宝鸡卷烟厂,131,24
马营,8,宝鸡卷烟厂,131,25
马营,8,宝鸡卷烟厂,131,26
马营,8,宝鸡卷烟厂,131,27
马营,8,宝鸡卷烟厂,131,6
马营,8,宝鸡卷烟厂,131,7
马营,8,宝鸡商场联盟路,132,3
马营,8,宝鸡商场联盟路,132,4
马营,8,市城乡建设规划局,128,1
马营,8,轩苑世家,123,1
马营,8,轩苑世家,123,2
马营,8,轩苑世家,123,3
马营,8,轩苑世家,123,4
马营,8,轩苑世家,123,5
马营,8,轩苑世家,123,6
马营,8,金台区东风路街道西社区,127,1
马营,8,阳光大厦,122,1
马营,8,陈仓二期,130,10
马营,8,陈仓二期,130,11
马营,8,陈仓二期,130,12
马营,8,陈仓二期,130,13
马营,8,陈仓二期,130,14
马营,8,陈仓二期,130,15
马营,8,陈仓二期,130,16
马营,8,陈仓二期,130,17
马营,8,陈仓二期,130,18
马营,8,陈仓二期,130,19
马营,8,陈仓二期,130,20
马营,8,陈仓二期,130,21
马营,8,陈仓二期,130,22
马营,8,陈仓二期,130,23
马营,8,陈仓二期,130,24
马营,8,陈仓二期,130,25
马营,8,陈仓二期,130,26
马营,8,陈仓二期,130,27
马营,8,陈仓二期,130,29
马营,8,陈仓二期,130,3
马营,8,陈仓二期,130,4
马营,8,陈仓二期,130,5
马营,8,陈仓二期,130,6
马营,8,陈仓二期,130,7
马营,8,陈仓二期,130,8
马营,8,陈仓二期,130,9
马营,8,马营2号小区,126,1
马营,8,马营2号小区,126,14
马营,8,马营2号小区,126,4
马营,8,马营2号小区,126,5
马营,8,马营2号小区,126,6
马营,8,驻宝鸡车站军代处,129,1
高新,7,万润,169,15
高新,7,万润,169,18
高新,7,万润,169,19
高新,7,万润,169,20
高新,7,万润,169,21
高新,7,万润,169,23
高新,7,万润,169,25
高新,7,万润国际广场,183,1
高新,7,万润国际广场,183,2
高新,7,三迪公司(机关事务局),174,9
高新,7,国税花园,182,1
高新,7,国税花园,182,10
高新,7,国税花园,182,11
高新,7,国税花园,182,2
高新,7,国税花园,182,3
高新,7,国税花园,182,4
高新,7,国税花园,182,5
高新,7,国税花园,182,6
高新,7,国税花园,182,7
高新,7,国税花园,182,8
高新,7,国税花园,182,9
高新,7,城市公馆,178,1
高新,7,城市公馆,178,2
高新,7,城市公馆,178,3
高新,7,城市公馆,178,4
高新,7,城市公馆,178,5
高新,7,城市公馆,178,6
高新,7,城市公馆,178,7
高新,7,城市公馆,178,71
高新,7,城市新天地,179,1
高新,7,城市新天地,179,2
高新,7,宝鸡市食品药品检验检测中心,186,1
高新,7,新城河滨,170,10
高新,7,新城河滨,170,3
高新,7,新城河滨,170,9
高新,7,新起点,184,36
高新,7,新起点,184,37
高新,7,格林春天,171,1
高新,7,格林春天,171,2
高新,7,格林春天,171,3A
高新,7,格林春天,171,3B
高新,7,格林春天,171,5
高新,7,永泰名苑,175,1
高新,7,永泰名苑,175,10
高新,7,永泰名苑,175,11
高新,7,永泰名苑,175,12
高新,7,永泰名苑,175,13
高新,7,永泰名苑,175,15
高新,7,永泰名苑,175,16
高新,7,永泰名苑,175,17
高新,7,永泰名苑,175,18
高新,7,永泰名苑,175,19
高新,7,永泰名苑,175,2
高新,7,永泰名苑,175,3
高新,7,永泰名苑,175,4
高新,7,永泰名苑,175,5
高新,7,永泰名苑,175,6
高新,7,永泰名苑,175,9
高新,7,渭水苑A区,181,1
高新,7,渭水苑A区,181,10
高新,7,渭水苑A区,181,11
高新,7,渭水苑A区,181,12
高新,7,渭水苑A区,181,13
高新,7,渭水苑A区,181,14
高新,7,渭水苑A区,181,15
高新,7,渭水苑A区,181,16
高新,7,渭水苑A区,181,17
高新,7,渭水苑A区,181,18
高新,7,渭水苑A区,181,19
高新,7,渭水苑A区,181,2
高新,7,渭水苑A区,181,20
高新,7,渭水苑A区,181,21
高新,7,渭水苑A区,181,22
高新,7,渭水苑A区,181,23
高新,7,渭水苑A区,181,24
高新,7,渭水苑A区,181,3
高新,7,渭水苑A区,181,4
高新,7,渭水苑A区,181,5
高新,7,渭水苑A区,181,6
高新,7,渭水苑A区,181,7
高新,7,渭水苑A区,181,8
高新,7,渭水苑A区,181,9
高新,7,渭水苑B区会所,180,1
高新,7,生态果岭小区质检综合楼,187,1
高新,7,高尔夫印象,176,14
高新,7,高尔夫印象,176,16
高新,7,高新佳园二期（计量）,185,10
高新,7,高新佳园二期（计量）,185,11
高新,7,高新佳园二期（计量）,185,2
高新,7,高新佳园二期（计量）,185,3
高新,7,高新佳园二期（计量）,185,4
高新,7,高新佳园二期（计量）,185,5
高新,7,高新佳园二期（计量）,185,6
高新,7,高新佳园二期（计量）,185,7
高新,7,高新佳园二期（计量）,185,8
高新,7,高新佳园二期（计量）,185,9
高新,7,高新家园三期,177,1
高新,7,高新家园三期,177,12
高新,7,高新家园三期,177,14
高新,7,高新家园三期,177,15
高新,7,高新家园三期,177,16
高新,7,高新家园三期,177,17
高新,7,高新家园三期,177,18
高新,7,高新家园三期,177,19
高新,7,高新家园三期,177,2
高新,7,高新家园三期,177,20
高新,7,高新家园三期,177,3
高新,7,高新家园三期,177,5
高新,7,高新家园三期,177,6
高新,7,高新家园三期,177,7
高新,7,高新家园三期,177,8
高新,7,高新家园三期,177,9
